{
  "stats": {
    "total_fvgs": 409,
    "total_holds": 148,
    "total_trades": 75,
    "wins": 44,
    "losses": 30,
    "total_pnl": 464.3130471067174
  },
  "final_balance": 764.3130471067168,
  "roi": 154.7710157022389
}